assistance_arm,eo_gap,ADI,ECE
Calib,0.08606794096020211,1.2247523796269753,0.174765622846755
Counter,0.09338344766618682,1.1319418532965853,0.1732936658091264
Rationale,0.07331936342620861,1.0367402054223613,0.2047150526736567
